name,team,ovr,pos,height_in,nation,outside_scoring,inside_scoring,athleticism,playmaking,defense,rebounding,source,source_url
Nikola Jokić,DEN,97,C,83,Serbia,91,90,77,85,72,85,"2KRatings (2kratings.com), gathered 2026-10-01",https://www.2kratings.com/nikola-jokic
Shai Gilgeous-Alexander,OKC,97,PG,78,Canada,91,83,85,93,79,44,"2KRatings (2kratings.com), gathered 2026-10-01",https://www.2kratings.com/shai-gilgeous-alexander
Victor Wembanyama,SAS,97,C,88,France,89,91,79,72,88,86,"2KRatings (2kratings.com), gathered 2026-10-01",https://www.2kratings.com/victor-wembanyama
Giannis Antetokounmpo,MIA,96,PF,83,Greece,78,89,88,86,83,85,"2KRatings (2kratings.com), gathered 2026-10-01",https://www.2kratings.com/giannis-antetokounmpo
Jalen Brunson,NYK,96,PG,74,United States,93,73,83,90,59,40,"2KRatings (2kratings.com), gathered 2026-10-01",https://www.2kratings.com/jalen-brunson
Luka Dončić,LAL,96,PG,80,Slovenia,91,86,83,93,57,59,"2KRatings (2kratings.com), gathered 2026-10-01",https://www.2kratings.com/luka-doncic
Anthony Edwards,MIN,95,SG,76,United States,90,84,89,81,73,47,"2KRatings (2kratings.com), gathered 2026-10-01",https://www.2kratings.com/anthony-edwards
Cade Cunningham,DET,94,PG,78,United States,89,80,84,91,73,51,"2KRatings (2kratings.com), gathered 2026-10-01",https://www.2kratings.com/cade-cunningham
Donovan Mitchell,CLE,93,SG,74,United States,88,73,88,85,70,46,"2KRatings (2kratings.com), gathered 2026-10-01",https://www.2kratings.com/donovan-mitchell
Jayson Tatum,BOS,93,PF,80,United States,89,84,84,80,75,62,"2KRatings (2kratings.com), gathered 2026-10-01",https://www.2kratings.com/jayson-tatum
Karl-Anthony Towns,NYK,93,C,84,Dominican Republic,87,87,83,71,60,85,"2KRatings (2kratings.com), gathered 2026-10-01",https://www.2kratings.com/karl-anthony-towns
Kawhi Leonard,TOR,93,SF,79,United States,93,81,82,79,84,59,"2KRatings (2kratings.com), gathered 2026-10-01",https://www.2kratings.com/kawhi-leonard
Kevin Durant,HOU,93,SF,83,United States,92,84,80,81,67,48,"2KRatings (2kratings.com), gathered 2026-10-01",https://www.2kratings.com/kevin-durant
Stephen Curry,GSW,93,PG,74,United States,93,57,77,87,57,43,"2KRatings (2kratings.com), gathered 2026-10-01",https://www.2kratings.com/stephen-curry
Tyrese Maxey,PHI,92,PG,74,United States,88,66,85,86,67,41,"2KRatings (2kratings.com), gathered 2026-10-01",https://www.2kratings.com/tyrese-maxey
Devin Booker,PHX,91,SG,77,United States,91,78,83,82,62,44,"2KRatings (2kratings.com), gathered 2026-10-01",https://www.2kratings.com/devin-booker
Jaylen Brown,PHI,91,SG,78,United States,86,83,85,79,75,57,"2KRatings (2kratings.com), gathered 2026-10-01",https://www.2kratings.com/jaylen-brown
Joel Embiid,PHI,91,C,84,Cameroon,86,91,68,68,70,76,"2KRatings (2kratings.com), gathered 2026-10-01",https://www.2kratings.com/joel-embiid
LeBron James,PHI,91,PF,81,United States,84,87,83,87,64,54,"2KRatings (2kratings.com), gathered 2026-10-01",https://www.2kratings.com/lebron-james
Anthony Davis,WAS,90,PF,82,United States,78,86,82,67,82,81,"2KRatings (2kratings.com), gathered 2026-10-01",https://www.2kratings.com/anthony-davis
Tyrese Haliburton,IND,90,PG,77,United States,88,61,79,92,69,42,"2KRatings (2kratings.com), gathered 2026-10-01",https://www.2kratings.com/tyrese-haliburton
Jamal Murray,DEN,89,PG,76,Canada,89,65,80,83,59,44,"2KRatings (2kratings.com), gathered 2026-10-01",https://www.2kratings.com/jamal-murray
Austin Reaves,LAL,88,SG,77,United States,87,57,78,81,53,48,"2KRatings (2kratings.com), gathered 2026-10-01",https://www.2kratings.com/austin-reaves
Deni Avdija,POR,88,SF,80,Israel,85,69,83,76,67,59,"2KRatings (2kratings.com), gathered 2026-10-01",https://www.2kratings.com/deni-avdija
OG Anunoby,NYK,88,SF,79,United Kingdom,84,62,84,58,86,53,"2KRatings (2kratings.com), gathered 2026-10-01",https://www.2kratings.com/og-anunoby
Scottie Barnes,TOR,88,PF,80,United States,84,82,87,81,86,65,"2KRatings (2kratings.com), gathered 2026-10-01",https://www.2kratings.com/scottie-barnes
Alperen Şengün,HOU,87,C,83,Turkey,81,86,78,69,69,72,"2KRatings (2kratings.com), gathered 2026-10-01",https://www.2kratings.com/alperen-sengun
Bam Adebayo,MIA,87,C,81,United States,81,81,85,67,80,72,"2KRatings (2kratings.com), gathered 2026-10-01",https://www.2kratings.com/bam-adebayo
Cooper Flagg,DAL,87,SF,81,United States,84,78,84,72,73,56,"2KRatings (2kratings.com), gathered 2026-10-01",https://www.2kratings.com/cooper-flagg
Evan Mobley,CLE,87,PF,83,United States,75,81,82,67,81,74,"2KRatings (2kratings.com), gathered 2026-10-01",https://www.2kratings.com/evan-mobley
Jalen Johnson,ATL,87,PF,80,United States,84,85,79,80,57,68,"2KRatings (2kratings.com), gathered 2026-10-01",https://www.2kratings.com/jalen-johnson
James Harden,CLE,87,PG,77,United States,83,74,81,86,63,47,"2KRatings (2kratings.com), gathered 2026-10-01",https://www.2kratings.com/james-harden
Kyrie Irving,DAL,87,PG,74,United States,88,62,74,82,57,47,"2KRatings (2kratings.com), gathered 2026-10-01",https://www.2kratings.com/kyrie-irving
Paolo Banchero,ORL,87,PF,82,United States,80,86,84,76,57,63,"2KRatings (2kratings.com), gathered 2026-10-01",https://www.2kratings.com/paolo-banchero
Pascal Siakam,IND,87,PF,80,Cameroon,80,86,80,74,73,58,"2KRatings (2kratings.com), gathered 2026-10-01",https://www.2kratings.com/pascal-siakam
Stephon Castle,SAS,87,SG,78,United States,83,73,84,82,77,55,"2KRatings (2kratings.com), gathered 2026-10-01",https://www.2kratings.com/stephon-castle
Trae Young,WAS,87,PG,74,United States,87,56,76,91,46,36,"2KRatings (2kratings.com), gathered 2026-10-01",https://www.2kratings.com/trae-young
Amen Thompson,HOU,86,SG,79,United States,69,65,90,82,80,64,"2KRatings (2kratings.com), gathered 2026-10-01",https://www.2kratings.com/amen-thompson
Chet Holmgren,OKC,86,PF,85,United States,81,82,76,57,84,74,"2KRatings (2kratings.com), gathered 2026-10-01",https://www.2kratings.com/chet-holmgren
Damian Lillard,POR,86,PG,74,United States,85,58,81,83,56,44,"2KRatings (2kratings.com), gathered 2026-10-01",https://www.2kratings.com/damian-lillard
Jaren Jackson Jr.,UTA,86,PF,82,United States,77,82,78,45,80,54,"2KRatings (2kratings.com), gathered 2026-10-01",https://www.2kratings.com/jaren-jackson-jr
LaMelo Ball,MIN,86,PG,79,United States,83,66,80,91,66,54,"2KRatings (2kratings.com), gathered 2026-10-01",https://www.2kratings.com/lamelo-ball
Lauri Markkanen,UTA,86,SF,85,Finland,88,84,72,58,60,61,"2KRatings (2kratings.com), gathered 2026-10-01",https://www.2kratings.com/lauri-markkanen
Ausar Thompson,DET,85,SF,79,United States,55,62,91,73,92,66,"2KRatings (2kratings.com), gathered 2026-10-01",https://www.2kratings.com/ausar-thompson
Brandon Miller,CHA,85,SG,79,United States,86,67,81,76,62,53,"2KRatings (2kratings.com), gathered 2026-10-01",https://www.2kratings.com/brandon-miller
Domantas Sabonis,SAC,85,C,82,Lithuania,83,84,69,68,55,84,"2KRatings (2kratings.com), gathered 2026-10-01",https://www.2kratings.com/domantas-sabonis
Dylan Harper,SAS,85,PG,77,United States,87,64,83,80,64,49,"2KRatings (2kratings.com), gathered 2026-10-01",https://www.2kratings.com/dylan-harper
Franz Wagner,ORL,85,SF,82,Germany,83,74,77,76,64,56,"2KRatings (2kratings.com), gathered 2026-10-01",https://www.2kratings.com/franz-wagner
Jaden McDaniels,MIN,85,SF,81,United States,83,64,83,56,81,47,"2KRatings (2kratings.com), gathered 2026-10-01",https://www.2kratings.com/jaden-mcdaniels
Jalen Duren,DET,85,C,82,United States,67,77,83,54,75,92,"2KRatings (2kratings.com), gathered 2026-10-01",https://www.2kratings.com/jalen-duren
Jalen Williams,OKC,85,C,77,United States,76,67,85,80,80,51,"2KRatings (2kratings.com), gathered 2026-10-01",https://www.2kratings.com/jalen-williams
Jarrett Allen,CLE,85,C,81,United States,80,83,81,37,74,78,"2KRatings (2kratings.com), gathered 2026-10-01",https://www.2kratings.com/jarrett-allen
Jimmy Butler,GSW,85,SF,78,United States,77,78,85,82,76,59,"2KRatings (2kratings.com), gathered 2026-10-01",https://www.2kratings.com/jimmy-butler
Michael Porter Jr.,BKN,85,SF,82,United States,84,70,81,70,54,64,"2KRatings (2kratings.com), gathered 2026-10-01",https://www.2kratings.com/michael-porter-jr
Trey Murphy III,NOP,85,SG,80,United States,86,66,81,65,63,51,"2KRatings (2kratings.com), gathered 2026-10-01",https://www.2kratings.com/trey-murphy
Tyler Herro,MIL,85,SG,77,United States,88,60,74,78,54,46,"2KRatings (2kratings.com), gathered 2026-10-01",https://www.2kratings.com/tyler-herro
Zion Williamson,NOP,85,PF,78,United States,76,87,87,71,56,60,"2KRatings (2kratings.com), gathered 2026-10-01",https://www.2kratings.com/zion-williamson
Brandon Ingram,LAC,84,SF,80,United States,86,80,75,74,55,52,"2KRatings (2kratings.com), gathered 2026-10-01",https://www.2kratings.com/brandon-ingram
Darius Garland,LAC,84,PG,73,United States,88,50,81,86,52,38,"2KRatings (2kratings.com), gathered 2026-10-01",https://www.2kratings.com/darius-garland
De'Aaron Fox,SAS,84,PG,75,United States,83,57,84,86,66,44,"2KRatings (2kratings.com), gathered 2026-10-01",https://www.2kratings.com/deaaron-fox
Desmond Bane,ORL,84,SG,78,United States,87,62,79,73,65,47,"2KRatings (2kratings.com), gathered 2026-10-01",https://www.2kratings.com/desmond-bane
Ivica Zubac,IND,84,C,84,Croatia,68,81,73,45,72,87,"2KRatings (2kratings.com), gathered 2026-10-01",https://www.2kratings.com/ivica-zubac
Ja Morant,POR,84,PG,74,United States,76,70,82,90,63,42,"2KRatings (2kratings.com), gathered 2026-10-01",https://www.2kratings.com/ja-morant
Josh Giddey,CHI,84,PG,80,Australia,76,69,79,87,52,65,"2KRatings (2kratings.com), gathered 2026-10-01",https://www.2kratings.com/josh-giddey
Keyonte George,UTA,84,PG,76,United States,88,64,77,82,50,42,"2KRatings (2kratings.com), gathered 2026-10-01",https://www.2kratings.com/keyonte-george
Kon Knueppel,CHA,84,SF,78,United States,88,54,79,71,57,54,"2KRatings (2kratings.com), gathered 2026-10-01",https://www.2kratings.com/kon-knueppel
Mikal Bridges,NYK,84,SG,78,United States,83,63,85,76,78,45,"2KRatings (2kratings.com), gathered 2026-10-01",https://www.2kratings.com/mikal-bridges
Norman Powell,CHI,84,SG,76,United States,86,55,80,71,65,42,"2KRatings (2kratings.com), gathered 2026-10-01",https://www.2kratings.com/norman-powell
Rudy Gobert,MIN,84,C,85,France,55,70,75,44,78,89,"2KRatings (2kratings.com), gathered 2026-10-01",https://www.2kratings.com/rudy-gobert
Saddiq Bey,NOP,84,SF,80,United States,83,73,76,64,58,57,"2KRatings (2kratings.com), gathered 2026-10-01",https://www.2kratings.com/saddiq-bey
Aaron Gordon,DEN,83,PF,80,United States,75,79,83,60,71,61,"2KRatings (2kratings.com), gathered 2026-10-01",https://www.2kratings.com/aaron-gordon
Alexandre Sarr,WAS,83,C,84,France,77,75,76,66,76,72,"2KRatings (2kratings.com), gathered 2026-10-01",https://www.2kratings.com/alexandre-sarr
C.J. McCollum,ATL,83,PG,75,United States,86,51,83,78,55,43,"2KRatings (2kratings.com), gathered 2026-10-01",https://www.2kratings.com/cj-mccollum
DeMar DeRozan,DEN,83,SF,78,United States,85,76,82,76,56,40,"2KRatings (2kratings.com), gathered 2026-10-01",https://www.2kratings.com/demar-derozan
Derrick White,BOS,83,PG,76,United States,81,57,81,83,79,47,"2KRatings (2kratings.com), gathered 2026-10-01",https://www.2kratings.com/derrick-white
Julius Randle,BKN,83,PF,81,United States,79,84,82,72,62,60,"2KRatings (2kratings.com), gathered 2026-10-01",https://www.2kratings.com/julius-randle
Nickeil Alexander-Walker,ATL,83,SG,77,Canada,84,65,78,73,70,42,"2KRatings (2kratings.com), gathered 2026-10-01",https://www.2kratings.com/nickeil-alexander-walker
V.J. Edgecombe,PHI,83,SG,76,Bahamas,82,63,84,78,67,53,"2KRatings (2kratings.com), gathered 2026-10-01",https://www.2kratings.com/vj-edgecombe
Ajay Mitchell,OKC,82,PG,76,Belgium,85,58,74,76,67,46,"2KRatings (2kratings.com), gathered 2026-10-01",https://www.2kratings.com/ajay-mitchell
Dejounte Murray,NOP,82,PG,76,United States,85,62,74,83,72,53,"2KRatings (2kratings.com), gathered 2026-10-01",https://www.2kratings.com/dejounte-murray
Dillon Brooks,PHX,82,SF,79,Canada,81,68,82,59,77,45,"2KRatings (2kratings.com), gathered 2026-10-01",https://www.2kratings.com/dillon-brooks
Donovan Clingan,POR,82,C,86,United States,78,71,68,49,69,92,"2KRatings (2kratings.com), gathered 2026-10-01",https://www.2kratings.com/donovan-clingan
Immanuel Quickley,TOR,82,PG,74,United States,87,61,79,79,60,45,"2KRatings (2kratings.com), gathered 2026-10-01",https://www.2kratings.com/immanuel-quickley
Isaiah Hartenstein,OKC,82,C,84,Germany,72,76,76,56,67,92,"2KRatings (2kratings.com), gathered 2026-10-01",https://www.2kratings.com/isaiah-hartenstein
Josh Hart,NYK,82,PF,77,United States,79,59,84,75,73,67,"2KRatings (2kratings.com), gathered 2026-10-01",https://www.2kratings.com/josh-hart
Jrue Holiday,POR,82,PG,76,United States,79,57,78,79,76,52,"2KRatings (2kratings.com), gathered 2026-10-01",https://www.2kratings.com/jrue-holiday
Naz Reid,CHA,82,C,81,United States,76,79,76,56,68,64,"2KRatings (2kratings.com), gathered 2026-10-01",https://www.2kratings.com/naz-reid
Paul George,BOS,82,PF,80,United States,82,64,79,76,74,52,"2KRatings (2kratings.com), gathered 2026-10-01",https://www.2kratings.com/paul-george
Payton Pritchard,BOS,82,PG,73,United States,90,50,73,79,44,46,"2KRatings (2kratings.com), gathered 2026-10-01",https://www.2kratings.com/payton-pritchard
R.J. Barrett,TOR,82,SG,78,Canada,78,71,84,79,65,54,"2KRatings (2kratings.com), gathered 2026-10-01",https://www.2kratings.com/rj-barrett
Zach LaVine,SAC,82,SG,77,United States,84,73,78,70,46,37,"2KRatings (2kratings.com), gathered 2026-10-01",https://www.2kratings.com/zach-lavine
Alex Caruso,OKC,81,SF,77,United States,75,52,79,73,80,49,"2KRatings (2kratings.com), gathered 2026-10-01",https://www.2kratings.com/alex-caruso
Andrew Nembhard,IND,81,PG,76,Canada,80,55,75,79,69,39,"2KRatings (2kratings.com), gathered 2026-10-01",https://www.2kratings.com/andrew-nembhard
Ayo Dosunmu,MIN,81,SG,76,United States,83,58,77,75,57,45,"2KRatings (2kratings.com), gathered 2026-10-01",https://www.2kratings.com/ayo-dosunmu
Cason Wallace,OKC,81,SG,75,United States,73,54,80,70,85,45,"2KRatings (2kratings.com), gathered 2026-10-01",https://www.2kratings.com/cason-wallace
Collin Gillespie,PHX,81,PG,73,United States,87,55,73,80,53,50,"2KRatings (2kratings.com), gathered 2026-10-01",https://www.2kratings.com/collin-gillespie
Devin Vassell,SAS,81,SF,77,United States,78,60,78,69,69,45,"2KRatings (2kratings.com), gathered 2026-10-01",https://www.2kratings.com/devin-vassell
Dyson Daniels,ATL,81,SF,79,Australia,61,58,83,76,83,62,"2KRatings (2kratings.com), gathered 2026-10-01",https://www.2kratings.com/dyson-daniels
Jalen Green,PHX,81,SG,76,United States,77,69,82,79,54,49,"2KRatings (2kratings.com), gathered 2026-10-01",https://www.2kratings.com/jalen-green
Keldon Johnson,SAS,81,SG,78,United States,82,72,80,67,59,65,"2KRatings (2kratings.com), gathered 2026-10-01",https://www.2kratings.com/keldon-johnson
Kristaps Porziņģis,GSW,81,C,86,Latvia,82,77,72,56,63,60,"2KRatings (2kratings.com), gathered 2026-10-01",https://www.2kratings.com/kristaps-porzingis
Matas Buzelis,CHI,81,PF,80,Lithuania,84,74,82,64,60,56,"2KRatings (2kratings.com), gathered 2026-10-01",https://www.2kratings.com/matas-buzelis
Naji Marshall,DAL,81,SF,78,United States,81,70,72,70,51,51,"2KRatings (2kratings.com), gathered 2026-10-01",https://www.2kratings.com/naji-marshall
Neemias Queta,BOS,81,C,84,Portugal,77,67,74,44,62,84,"2KRatings (2kratings.com), gathered 2026-10-01",https://www.2kratings.com/neemias-queta
Onyeka Okongwu,ATL,81,C,82,United States,83,75,82,54,68,67,"2KRatings (2kratings.com), gathered 2026-10-01",https://www.2kratings.com/onyeka-okongwu
Shaedon Sharpe,POR,81,SG,77,Canada,77,62,83,72,58,51,"2KRatings (2kratings.com), gathered 2026-10-01",https://www.2kratings.com/shaedon-sharpe
Tobias Harris,SAS,81,PF,80,United States,82,76,78,68,61,55,"2KRatings (2kratings.com), gathered 2026-10-01",https://www.2kratings.com/tobias-harris
Walker Kessler,LAL,81,C,86,United States,74,73,67,41,73,91,"2KRatings (2kratings.com), gathered 2026-10-01",https://www.2kratings.com/walker-kessler
Anthony Black,ORL,80,PG,79,United States,80,64,80,77,74,45,"2KRatings (2kratings.com), gathered 2026-10-01",https://www.2kratings.com/anthony-black
Bobby Portis Jr.,MIA,80,C,82,United States,78,79,76,52,58,70,"2KRatings (2kratings.com), gathered 2026-10-01",https://www.2kratings.com/bobby-portis
Cameron Johnson,DEN,80,SF,80,United States,80,66,75,53,60,46,"2KRatings (2kratings.com), gathered 2026-10-01",https://www.2kratings.com/cameron-johnson
Cedric Coward,MEM,80,SG,77,United States,79,57,82,70,60,63,"2KRatings (2kratings.com), gathered 2026-10-01",https://www.2kratings.com/cedric-coward
Coby White,CHA,80,PG,76,United States,80,60,81,81,53,46,"2KRatings (2kratings.com), gathered 2026-10-01",https://www.2kratings.com/coby-white
Collin Murray-Boyles,TOR,80,C,79,United States,74,70,82,66,73,70,"2KRatings (2kratings.com), gathered 2026-10-01",https://www.2kratings.com/collin-murray-boyles
Derik Queen,NOP,80,PF,81,United States,75,77,71,70,63,72,"2KRatings (2kratings.com), gathered 2026-10-01",https://www.2kratings.com/derik-queen
Grayson Allen,CHA,80,SG,75,United States,84,52,75,73,58,42,"2KRatings (2kratings.com), gathered 2026-10-01",https://www.2kratings.com/grayson-allen
Isaiah Collier,UTA,80,PG,76,United States,73,56,81,89,53,40,"2KRatings (2kratings.com), gathered 2026-10-01",https://www.2kratings.com/isaiah-collier
Jabari Smith Jr.,HOU,80,PF,82,United States,81,76,81,62,61,58,"2KRatings (2kratings.com), gathered 2026-10-01",https://www.2kratings.com/jabari-smith
Jalen Suggs,ORL,80,PG,77,United States,73,61,83,78,79,49,"2KRatings (2kratings.com), gathered 2026-10-01",https://www.2kratings.com/jalen-suggs
Jeremiah Fears,NOP,80,PG,75,United States,76,60,79,81,57,48,"2KRatings (2kratings.com), gathered 2026-10-01",https://www.2kratings.com/jeremiah-fears
Kyshawn George,WAS,80,PF,80,Switzerland,83,60,75,67,65,53,"2KRatings (2kratings.com), gathered 2026-10-01",https://www.2kratings.com/kyshawn-george
Miles Bridges,PHX,80,PF,79,United States,79,84,83,70,55,55,"2KRatings (2kratings.com), gathered 2026-10-01",https://www.2kratings.com/miles-bridges
Mitchell Robinson,BOS,80,C,84,United States,56,65,74,44,74,93,"2KRatings (2kratings.com), gathered 2026-10-01",https://www.2kratings.com/mitchell-robinson
Nicolas Claxton,CHI,80,C,83,United States,72,72,80,50,73,72,"2KRatings (2kratings.com), gathered 2026-10-01",https://www.2kratings.com/nicolas-claxton
Ryan Rollins,MIL,80,PG,75,United States,80,58,78,78,60,49,"2KRatings (2kratings.com), gathered 2026-10-01",https://www.2kratings.com/ryan-rollins
Toumani Camara,POR,80,PF,79,Belgium,66,62,84,60,84,53,"2KRatings (2kratings.com), gathered 2026-10-01",https://www.2kratings.com/toumani-camara
Ty Jerome,MEM,80,PG,77,United States,88,55,65,82,50,46,"2KRatings (2kratings.com), gathered 2026-10-01",https://www.2kratings.com/ty-jerome
Zach Edey,MEM,80,C,88,Canada,78,73,64,44,67,92,"2KRatings (2kratings.com), gathered 2026-10-01",https://www.2kratings.com/zach-edey
AJ Dybantsa,WAS,79,SF,81,United States,74,71,83,68,57,59,"2KRatings (2kratings.com), gathered 2026-10-01",https://www.2kratings.com/aj-dybantsa
Aaron Nesmith,IND,79,SF,78,United States,80,62,78,61,64,48,"2KRatings (2kratings.com), gathered 2026-10-01",https://www.2kratings.com/aaron-nesmith
Ace Bailey,UTA,79,SG,81,United States,84,66,81,65,61,52,"2KRatings (2kratings.com), gathered 2026-10-01",https://www.2kratings.com/ace-bailey
Andrew Wiggins,MIA,79,PF,79,Canada,79,69,83,65,64,53,"2KRatings (2kratings.com), gathered 2026-10-01",https://www.2kratings.com/andrew-wiggins
Anfernee Simons,PHI,79,SG,75,United States,82,65,81,75,47,41,"2KRatings (2kratings.com), gathered 2026-10-01",https://www.2kratings.com/anfernee-simons
Bennedict Mathurin,NOP,79,SG,77,Canada,81,65,81,72,53,55,"2KRatings (2kratings.com), gathered 2026-10-01",https://www.2kratings.com/bennedict-mathurin
Brandin Podziemski,GSW,79,PG,76,United States,83,64,80,74,55,55,"2KRatings (2kratings.com), gathered 2026-10-01",https://www.2kratings.com/brandin-podziemski
Brice Sensabaugh,UTA,79,SF,78,United States,84,63,73,62,47,47,"2KRatings (2kratings.com), gathered 2026-10-01",https://www.2kratings.com/brice-sensabaugh
Cam Spencer,MEM,79,SG,75,United States,85,49,71,78,48,42,"2KRatings (2kratings.com), gathered 2026-10-01",https://www.2kratings.com/cam-spencer
Cameron Boozer,MEM,79,PF,81,United States,77,76,77,66,57,75,"2KRatings (2kratings.com), gathered 2026-10-01",https://www.2kratings.com/cameron-boozer
Caris LeVert,MIL,79,SF,79,United States,75,66,77,77,65,42,"2KRatings (2kratings.com), gathered 2026-10-01",https://www.2kratings.com/caris-levert
Christian Braun,DEN,79,SG,78,United States,76,59,83,66,63,52,"2KRatings (2kratings.com), gathered 2026-10-01",https://www.2kratings.com/christian-braun
Collin Sexton,LAL,79,SG,75,United States,83,50,81,79,55,40,"2KRatings (2kratings.com), gathered 2026-10-01",https://www.2kratings.com/collin-sexton
Daniel Gafford,DAL,79,C,82,United States,62,70,78,37,69,80,"2KRatings (2kratings.com), gathered 2026-10-01",https://www.2kratings.com/daniel-gafford
Daniss Jenkins,DET,79,PG,76,United States,78,53,74,79,60,46,"2KRatings (2kratings.com), gathered 2026-10-01",https://www.2kratings.com/daniss-jenkins
Darryn Peterson,UTA,79,SG,78,United States,76,67,81,71,62,44,"2KRatings (2kratings.com), gathered 2026-10-01",https://www.2kratings.com/darryn-peterson
Dereck Lively II,DAL,79,C,85,United States,67,69,69,58,69,79,"2KRatings (2kratings.com), gathered 2026-10-01",https://www.2kratings.com/dereck-lively-ii
Draymond Green,GSW,79,PF,78,United States,59,57,80,77,85,58,"2KRatings (2kratings.com), gathered 2026-10-01",https://www.2kratings.com/draymond-green
Duncan Robinson,DET,79,SG,79,United States,84,55,68,61,56,40,"2KRatings (2kratings.com), gathered 2026-10-01",https://www.2kratings.com/duncan-robinson
Fred VanVleet,HOU,79,PG,72,United States,76,47,76,82,65,41,"2KRatings (2kratings.com), gathered 2026-10-01",https://www.2kratings.com/fred-vanvleet
Herbert Jones,NOP,79,SF,79,United States,61,65,79,67,82,45,"2KRatings (2kratings.com), gathered 2026-10-01",https://www.2kratings.com/herbert-jones
Jakob Pöltl,TOR,79,C,84,Austria,68,76,65,49,66,79,"2KRatings (2kratings.com), gathered 2026-10-01",https://www.2kratings.com/jakob-poeltl
Jaylin Williams,OKC,79,C,81,United States,82,72,68,61,59,63,"2KRatings (2kratings.com), gathered 2026-10-01",https://www.2kratings.com/jaylin-williams
Jerami Grant,MEM,79,SF,79,United States,76,75,81,66,66,45,"2KRatings (2kratings.com), gathered 2026-10-01",https://www.2kratings.com/jerami-grant
John Collins,DET,79,PF,81,United States,73,78,79,51,56,61,"2KRatings (2kratings.com), gathered 2026-10-01",https://www.2kratings.com/john-collins
Julian Champagnie,SAS,79,PF,79,United States,83,59,76,59,60,57,"2KRatings (2kratings.com), gathered 2026-10-01",https://www.2kratings.com/julian-champagnie
Keegan Murray,SAC,79,PF,80,United States,77,69,77,61,69,55,"2KRatings (2kratings.com), gathered 2026-10-01",https://www.2kratings.com/keegan-murray
Kel'el Ware,MIL,79,C,84,United States,71,72,80,43,60,89,"2KRatings (2kratings.com), gathered 2026-10-01",https://www.2kratings.com/kelel-ware
Kelly Oubre Jr.,IND,79,SF,80,United States,80,64,78,65,62,51,"2KRatings (2kratings.com), gathered 2026-10-01",https://www.2kratings.com/kelly-oubre-jr
Kevin Porter Jr.,MIL,79,PG,76,United States,79,62,76,81,65,51,"2KRatings (2kratings.com), gathered 2026-10-01",https://www.2kratings.com/kevin-porter-jr
Malik Monk,SAC,79,SG,75,United States,81,58,77,75,51,39,"2KRatings (2kratings.com), gathered 2026-10-01",https://www.2kratings.com/malik-monk
Marcus Smart,HOU,79,SF,75,United States,75,50,82,69,78,42,"2KRatings (2kratings.com), gathered 2026-10-01",https://www.2kratings.com/marcus-smart
Maxime Raynaud,SAC,79,C,85,France,84,74,72,47,49,75,"2KRatings (2kratings.com), gathered 2026-10-01",https://www.2kratings.com/maxime-raynaud
Moussa Diabaté,CHA,79,C,82,France,70,67,80,48,56,86,"2KRatings (2kratings.com), gathered 2026-10-01",https://www.2kratings.com/moussa-diabate
Myles Turner,MIL,79,C,83,United States,73,72,76,40,75,58,"2KRatings (2kratings.com), gathered 2026-10-01",https://www.2kratings.com/myles-turner
P.J. Washington,DAL,79,PF,79,United States,71,69,78,57,73,62,"2KRatings (2kratings.com), gathered 2026-10-01",https://www.2kratings.com/pj-washington
Peyton Watson,CLE,79,SF,79,United States,79,57,78,61,73,52,"2KRatings (2kratings.com), gathered 2026-10-01",https://www.2kratings.com/peyton-watson
Precious Achiuwa,SAC,79,PF,80,Nigeria,70,64,79,47,69,77,"2KRatings (2kratings.com), gathered 2026-10-01",https://www.2kratings.com/precious-achiuwa
Reed Sheppard,HOU,79,PG,74,United States,80,55,86,78,71,42,"2KRatings (2kratings.com), gathered 2026-10-01",https://www.2kratings.com/reed-sheppard
Rui Hachimura,LAC,79,PF,80,Japan,82,73,80,54,49,44,"2KRatings (2kratings.com), gathered 2026-10-01",https://www.2kratings.com/rui-hachimura
Ryan Kalkbrenner,CHA,79,C,85,United States,79,71,69,39,63,75,"2KRatings (2kratings.com), gathered 2026-10-01",https://www.2kratings.com/ryan-kalkbrenner
Scoot Henderson,POR,79,PG,75,United States,80,59,81,80,55,44,"2KRatings (2kratings.com), gathered 2026-10-01",https://www.2kratings.com/scoot-henderson
T.J. McConnell,IND,79,PG,73,United States,81,49,74,87,72,45,"2KRatings (2kratings.com), gathered 2026-10-01",https://www.2kratings.com/tj-mcconnell
Tim Hardaway Jr.,MIA,79,SG,77,United States,85,58,75,68,50,39,"2KRatings (2kratings.com), gathered 2026-10-01",https://www.2kratings.com/tim-hardaway-jr
Tre Jones,CHI,79,PG,73,United States,83,51,76,81,58,43,"2KRatings (2kratings.com), gathered 2026-10-01",https://www.2kratings.com/tre-jones
Wendell Carter Jr.,ORL,79,C,82,United States,73,80,76,52,63,71,"2KRatings (2kratings.com), gathered 2026-10-01",https://www.2kratings.com/wendell-carter-jr
Bilal Coulibaly,WAS,78,SF,79,France,68,63,81,66,75,52,"2KRatings (2kratings.com), gathered 2026-10-01",https://www.2kratings.com/bilal-coulibaly
Deandre Ayton,WAS,78,C,84,Bahamas,68,78,73,54,63,80,"2KRatings (2kratings.com), gathered 2026-10-01",https://www.2kratings.com/deandre-ayton
Donte DiVincenzo,MIN,78,PG,76,United States,82,52,84,76,72,47,"2KRatings (2kratings.com), gathered 2026-10-01",https://www.2kratings.com/donte-divincenzo
Gui Santos,GSW,78,SF,79,Brazil,78,63,73,68,61,60,"2KRatings (2kratings.com), gathered 2026-10-01",https://www.2kratings.com/gui-santos
Isaiah Joe,DET,78,SG,76,United States,86,57,73,62,52,44,"2KRatings (2kratings.com), gathered 2026-10-01",https://www.2kratings.com/isaiah-joe
Jaime Jaquez Jr.,MIL,78,PF,78,United States,77,68,80,70,64,55,"2KRatings (2kratings.com), gathered 2026-10-01",https://www.2kratings.com/jaime-jaquez-jr
Jarace Walker,IND,78,SF,79,United States,78,65,85,64,58,56,"2KRatings (2kratings.com), gathered 2026-10-01",https://www.2kratings.com/jarace-walker
Jared McCain,OKC,78,PG,75,United States,84,55,74,70,52,44,"2KRatings (2kratings.com), gathered 2026-10-01",https://www.2kratings.com/jared-mccain
Javonte Green,DET,78,SF,77,United States,74,63,75,60,76,52,"2KRatings (2kratings.com), gathered 2026-10-01",https://www.2kratings.com/javonte-green
Jaylen Wells,MEM,78,SF,80,United States,77,57,80,62,63,45,"2KRatings (2kratings.com), gathered 2026-10-01",https://www.2kratings.com/jaylen-wells
Justin Champagnie,WAS,78,PF,78,United States,77,59,73,59,66,74,"2KRatings (2kratings.com), gathered 2026-10-01",https://www.2kratings.com/justin-champagnie
Kyle Filipowski,UTA,78,C,83,United States,77,70,76,61,58,76,"2KRatings (2kratings.com), gathered 2026-10-01",https://www.2kratings.com/kyle-filipowski
Luguentz Dort,ATL,78,SG,76,Canada,64,57,87,63,80,47,"2KRatings (2kratings.com), gathered 2026-10-01",https://www.2kratings.com/luguentz-dort
Mark Williams,PHX,78,C,85,United States,70,70,75,41,64,87,"2KRatings (2kratings.com), gathered 2026-10-01",https://www.2kratings.com/mark-williams
Max Strus,LAC,78,SF,77,United States,82,55,71,65,48,64,"2KRatings (2kratings.com), gathered 2026-10-01",https://www.2kratings.com/max-strus
Miles McBride,NYK,78,SG,74,United States,78,54,77,73,61,41,"2KRatings (2kratings.com), gathered 2026-10-01",https://www.2kratings.com/miles-mcbride
Nikola Vučević,ORL,78,C,81,Montenegro,79,73,68,57,54,74,"2KRatings (2kratings.com), gathered 2026-10-01",https://www.2kratings.com/nikola-vucevic
Obi Toppin,IND,78,PF,81,United States,72,77,75,60,48,62,"2KRatings (2kratings.com), gathered 2026-10-01",https://www.2kratings.com/obi-toppin
Pelle Larsson,MIA,78,SF,77,Sweden,80,59,79,68,53,47,"2KRatings (2kratings.com), gathered 2026-10-01",https://www.2kratings.com/pelle-larsson
Quentin Grimes,LAL,78,SG,76,United States,78,57,80,73,65,45,"2KRatings (2kratings.com), gathered 2026-10-01",https://www.2kratings.com/quentin-grimes
Robert Williams III,POR,78,C,81,United States,61,66,76,48,80,91,"2KRatings (2kratings.com), gathered 2026-10-01",https://www.2kratings.com/robert-williams-iii
Santi Aldama,DAL,78,PF,84,Spain,80,72,70,65,64,64,"2KRatings (2kratings.com), gathered 2026-10-01",https://www.2kratings.com/santi-aldama
Tari Eason,HOU,78,SF,80,United States,64,59,81,55,77,68,"2KRatings (2kratings.com), gathered 2026-10-01",https://www.2kratings.com/tari-eason
Tre Johnson,WAS,78,SG,77,United States,80,64,79,68,53,43,"2KRatings (2kratings.com), gathered 2026-10-01",https://www.2kratings.com/tre-johnson
Will Riley,WAS,78,PF,81,Canada,82,68,76,65,54,46,"2KRatings (2kratings.com), gathered 2026-10-01",https://www.2kratings.com/will-riley
Al Horford,GSW,77,C,80,Dominican Republic,74,69,75,62,75,64,"2KRatings (2kratings.com), gathered 2026-10-01",https://www.2kratings.com/al-horford
Brook Lopez,LAC,77,C,85,United States,76,70,70,40,70,52,"2KRatings (2kratings.com), gathered 2026-10-01",https://www.2kratings.com/brook-lopez
Caleb Wilson,CHI,77,PF,82,United States,66,71,80,61,73,71,"2KRatings (2kratings.com), gathered 2026-10-01",https://www.2kratings.com/caleb-wilson
Davion Mitchell,MIA,77,PG,72,United States,74,45,81,78,66,39,"2KRatings (2kratings.com), gathered 2026-10-01",https://www.2kratings.com/davion-mitchell
De'Andre Hunter,SAC,77,SF,79,United States,78,64,77,62,63,51,"2KRatings (2kratings.com), gathered 2026-10-01",https://www.2kratings.com/deandre-hunter
Derrick Jones Jr.,LAC,77,PF,78,United States,76,69,80,56,73,48,"2KRatings (2kratings.com), gathered 2026-10-01",https://www.2kratings.com/derrick-jones-jr
G.G. Jackson,MEM,77,PF,81,United States,76,68,76,58,58,58,"2KRatings (2kratings.com), gathered 2026-10-01",https://www.2kratings.com/gregory-jackson-ii
Isaiah Stewart,MEM,77,C,80,United States,73,69,77,43,71,66,"2KRatings (2kratings.com), gathered 2026-10-01",https://www.2kratings.com/isaiah-stewart
Jose Alvarado,NYK,77,PG,72,Puerto Rico,79,43,74,72,70,44,"2KRatings (2kratings.com), gathered 2026-10-01",https://www.2kratings.com/jose-alvarado
Kyle Kuzma,MIL,77,SF,81,United States,74,71,80,69,65,54,"2KRatings (2kratings.com), gathered 2026-10-01",https://www.2kratings.com/kyle-kuzma
Landry Shamet,NYK,77,SG,77,United States,77,53,75,71,45,39,"2KRatings (2kratings.com), gathered 2026-10-01",https://www.2kratings.com/landry-shamet
Paul Reed,DET,77,C,81,United States,74,73,71,47,65,84,"2KRatings (2kratings.com), gathered 2026-10-01",https://www.2kratings.com/paul-reed
Royce O'Neale,CHA,77,PF,78,United States,74,63,74,60,69,52,"2KRatings (2kratings.com), gathered 2026-10-01",https://www.2kratings.com/royce-oneale
Sam Merrill,CLE,77,SG,76,United States,82,50,65,67,52,41,"2KRatings (2kratings.com), gathered 2026-10-01",https://www.2kratings.com/sam-merrill
Aaron Wiggins,ATL,76,SF,77,United States,78,60,73,64,55,48,"2KRatings (2kratings.com), gathered 2026-10-01",https://www.2kratings.com/aaron-wiggins
Andre Drummond,NYK,76,C,83,United States,65,67,74,50,65,93,"2KRatings (2kratings.com), gathered 2026-10-01",https://www.2kratings.com/andre-drummond
Bradley Beal,LAC,76,SG,76,United States,77,61,75,71,49,42,"2KRatings (2kratings.com), gathered 2026-10-01",https://www.2kratings.com/bradley-beal
Brandon Williams,GSW,76,PG,73,United States,77,58,75,78,51,45,"2KRatings (2kratings.com), gathered 2026-10-01",https://www.2kratings.com/brandon-williams
Carlton Carrington,WAS,76,PG,76,United States,78,59,78,78,45,44,"2KRatings (2kratings.com), gathered 2026-10-01",https://www.2kratings.com/bub-carrington
Carter Bryant,SAS,76,SF,78,United States,65,59,83,60,70,61,"2KRatings (2kratings.com), gathered 2026-10-01",https://www.2kratings.com/carter-bryant
De'Anthony Melton,GSW,76,SG,74,United States,77,56,74,73,75,50,"2KRatings (2kratings.com), gathered 2026-10-01",https://www.2kratings.com/deanthony-melton
Dean Wade,PHI,76,PF,81,United States,69,66,77,46,74,57,"2KRatings (2kratings.com), gathered 2026-10-01",https://www.2kratings.com/dean-wade
Dennis Schröder,CHA,76,PG,73,Germany,76,45,79,81,56,43,"2KRatings (2kratings.com), gathered 2026-10-01",https://www.2kratings.com/dennis-schroder
Egor Dëmin,BKN,76,SG,80,Russia,75,62,76,79,57,47,"2KRatings (2kratings.com), gathered 2026-10-01",https://www.2kratings.com/egor-demin
Harrison Barnes,SAS,76,PF,79,United States,74,66,81,64,58,44,"2KRatings (2kratings.com), gathered 2026-10-01",https://www.2kratings.com/harrison-barnes
Ja'Kobe Walter,TOR,76,SG,76,United States,81,58,80,64,57,49,"2KRatings (2kratings.com), gathered 2026-10-01",https://www.2kratings.com/jakobe-walter
Jalen Smith,CHI,76,C,80,United States,74,73,76,39,56,77,"2KRatings (2kratings.com), gathered 2026-10-01",https://www.2kratings.com/jalen-smith
Jamal Shead,TOR,76,PG,73,United States,72,45,83,84,57,38,"2KRatings (2kratings.com), gathered 2026-10-01",https://www.2kratings.com/jamal-shead
Jarred Vanderbilt,LAL,76,PF,80,United States,59,59,79,53,75,73,"2KRatings (2kratings.com), gathered 2026-10-01",https://www.2kratings.com/jarred-vanderbilt
Jaxson Hayes,UTA,76,C,84,United States,69,73,75,36,62,68,"2KRatings (2kratings.com), gathered 2026-10-01",https://www.2kratings.com/jaxson-hayes
Jaylon Tyson,CLE,76,SF,78,United States,74,60,79,65,59,60,"2KRatings (2kratings.com), gathered 2026-10-01",https://www.2kratings.com/jaylon-tyson
Jordan Clarkson,NYK,76,SG,77,United States,76,55,76,70,46,45,"2KRatings (2kratings.com), gathered 2026-10-01",https://www.2kratings.com/jordan-clarkson
Jusuf Nurkić,UTA,76,C,83,Bosnia and Herzegovina,72,73,67,58,65,83,"2KRatings (2kratings.com), gathered 2026-10-01",https://www.2kratings.com/jusuf-nurkic
Kenrich Williams,OKC,76,PF,79,United States,75,63,74,63,66,62,"2KRatings (2kratings.com), gathered 2026-10-01",https://www.2kratings.com/kenrich-williams
Keon Ellis,BKN,76,SF,76,United States,66,51,79,62,80,41,"2KRatings (2kratings.com), gathered 2026-10-01",https://www.2kratings.com/keon-ellis
Khris Middleton,WAS,76,SF,79,United States,72,65,73,72,62,52,"2KRatings (2kratings.com), gathered 2026-10-01",https://www.2kratings.com/khris-middleton
Klay Thompson,MIA,76,SG,77,United States,80,60,75,57,59,39,"2KRatings (2kratings.com), gathered 2026-10-01",https://www.2kratings.com/klay-thompson
Luke Kornet,SAS,76,C,85,United States,76,72,65,46,61,79,"2KRatings (2kratings.com), gathered 2026-10-01",https://www.2kratings.com/luke-kornet
Marvin Bagley III,DEN,76,C,83,United States,75,72,79,55,54,81,"2KRatings (2kratings.com), gathered 2026-10-01",https://www.2kratings.com/marvin-bagley-iii
Moses Moody,GSW,76,SF,77,United States,74,61,77,62,64,47,"2KRatings (2kratings.com), gathered 2026-10-01",https://www.2kratings.com/moses-moody
Noah Clowney,BKN,76,PF,82,United States,77,70,75,56,60,53,"2KRatings (2kratings.com), gathered 2026-10-01",https://www.2kratings.com/noah-clowney
Nolan Traore,BKN,76,PG,75,France,74,60,80,81,52,38,"2KRatings (2kratings.com), gathered 2026-10-01",https://www.2kratings.com/nolan-traore
Ousmane Dieng,MIL,76,SF,81,France,77,58,78,69,55,51,"2KRatings (2kratings.com), gathered 2026-10-01",https://www.2kratings.com/ousmane-dieng
Sam Hauser,BOS,76,SF,79,United States,83,56,72,48,48,51,"2KRatings (2kratings.com), gathered 2026-10-01",https://www.2kratings.com/sam-hauser
Sandro Mamukelashvili,LAL,76,PF,81,Georgia,79,66,73,57,57,66,"2KRatings (2kratings.com), gathered 2026-10-01",https://www.2kratings.com/sandro-mamukelashvili
Tristan da Silva,ORL,76,SF,80,Germany,78,69,78,59,57,50,"2KRatings (2kratings.com), gathered 2026-10-01",https://www.2kratings.com/tristan-da-silva
Zaccharie Risacher,DAL,76,SF,80,France,73,65,77,63,69,54,"2KRatings (2kratings.com), gathered 2026-10-01",https://www.2kratings.com/zaccharie-risacher
Adem Bona,PHI,75,C,82,Nigeria,62,61,82,43,60,72,"2KRatings (2kratings.com), gathered 2026-10-01",https://www.2kratings.com/adem-bona
Baylor Scheierman,BOS,75,SG,78,United States,85,50,75,65,46,57,"2KRatings (2kratings.com), gathered 2026-10-01",https://www.2kratings.com/baylor-scheierman
Danny Wolf,BKN,75,PF,83,United States,74,73,69,65,52,67,"2KRatings (2kratings.com), gathered 2026-10-01",https://www.2kratings.com/danny-wolf
Darius Acuff Jr.,SAC,75,PG,75,United States,74,54,81,85,48,38,"2KRatings (2kratings.com), gathered 2026-10-01",https://www.2kratings.com/darius-acuff-jr
Day'Ron Sharpe,BKN,75,C,81,United States,72,59,76,59,66,89,"2KRatings (2kratings.com), gathered 2026-10-01",https://www.2kratings.com/dayron-sharpe
Gary Payton II,GSW,75,SF,74,United States,59,54,78,68,81,69,"2KRatings (2kratings.com), gathered 2026-10-01",https://www.2kratings.com/gary-payton-ii
Hugo González,BOS,75,SF,78,Spain,72,55,79,59,64,64,"2KRatings (2kratings.com), gathered 2026-10-01",https://www.2kratings.com/hugo-gonzalez
Isaac Okoro,CHI,75,SF,76,United States,64,60,82,62,70,44,"2KRatings (2kratings.com), gathered 2026-10-01",https://www.2kratings.com/isaac-okoro
Jake LaRavia,LAL,75,SF,79,United States,69,67,76,60,74,56,"2KRatings (2kratings.com), gathered 2026-10-01",https://www.2kratings.com/jake-laravia
Jay Huff,IND,75,C,85,United States,79,70,68,45,66,56,"2KRatings (2kratings.com), gathered 2026-10-01",https://www.2kratings.com/jay-huff
Jock Landale,ATL,75,C,83,Australia,74,72,69,51,55,74,"2KRatings (2kratings.com), gathered 2026-10-01",https://www.2kratings.com/jock-landale
Jordan Goodwin,PHX,75,PG,75,United States,76,52,74,72,72,66,"2KRatings (2kratings.com), gathered 2026-10-01",https://www.2kratings.com/jordan-goodwin
Julian Strawther,DEN,75,SF,78,Puerto Rico,77,58,71,60,57,46,"2KRatings (2kratings.com), gathered 2026-10-01",https://www.2kratings.com/julian-strawther
Keaton Wagler,LAC,75,SG,78,United States,73,56,75,79,52,41,"2KRatings (2kratings.com), gathered 2026-10-01",https://www.2kratings.com/keaton-wagler
Kentavious Caldwell-Pope,PHI,75,SG,77,United States,71,55,78,70,67,43,"2KRatings (2kratings.com), gathered 2026-10-01",https://www.2kratings.com/kentavious-caldwell-pope
Kevin Huerter,DET,75,SG,78,United States,73,55,76,73,55,49,"2KRatings (2kratings.com), gathered 2026-10-01",https://www.2kratings.com/kevin-huerter
Kris Dunn,LAC,75,PG,75,United States,70,53,81,74,74,46,"2KRatings (2kratings.com), gathered 2026-10-01",https://www.2kratings.com/kris-dunn
Luka Garza,BOS,75,C,82,United States,78,70,63,43,47,72,"2KRatings (2kratings.com), gathered 2026-10-01",https://www.2kratings.com/luka-garza
Luke Kennard,PHX,75,SG,77,United States,84,48,68,67,44,42,"2KRatings (2kratings.com), gathered 2026-10-01",https://www.2kratings.com/luke-kennard
Max Christie,DAL,75,SG,77,United States,78,55,84,64,62,41,"2KRatings (2kratings.com), gathered 2026-10-01",https://www.2kratings.com/max-christie
Mike Conley,BOS,75,PG,73,United States,73,46,76,79,63,40,"2KRatings (2kratings.com), gathered 2026-10-01",https://www.2kratings.com/mike-conley
Nique Clifford,SAC,75,SF,77,United States,73,59,81,66,57,51,"2KRatings (2kratings.com), gathered 2026-10-01",https://www.2kratings.com/nique-clifford
Olivier-Maxence Prosper,MEM,75,C,79,Canada,77,66,82,57,63,60,"2KRatings (2kratings.com), gathered 2026-10-01",https://www.2kratings.com/olivier-maxence-prosper
Oso Ighodaro,PHX,75,C,83,United States,63,66,82,59,57,67,"2KRatings (2kratings.com), gathered 2026-10-01",https://www.2kratings.com/oso-ighodaro
Pat Spencer,PHX,75,PG,75,United States,78,58,77,77,46,49,"2KRatings (2kratings.com), gathered 2026-10-01",https://www.2kratings.com/pat-spencer
Ron Holland,DET,75,PF,80,United States,62,60,84,62,80,62,"2KRatings (2kratings.com), gathered 2026-10-01",https://www.2kratings.com/ronald-holland
Scotty Pippen Jr.,MEM,75,PG,73,United States,75,48,71,84,58,43,"2KRatings (2kratings.com), gathered 2026-10-01",https://www.2kratings.com/scotty-pippen-jr
Terrence Shannon Jr.,MIN,75,SF,78,United States,71,63,80,67,52,41,"2KRatings (2kratings.com), gathered 2026-10-01",https://www.2kratings.com/terrence-shannon
Yves Missi,NOP,75,C,83,Cameroon,54,66,81,36,61,79,"2KRatings (2kratings.com), gathered 2026-10-01",https://www.2kratings.com/yves-missi
Zach Collins,CHI,75,C,81,United States,73,72,70,36,53,75,"2KRatings (2kratings.com), gathered 2026-10-01",https://www.2kratings.com/zach-collins
Ziaire Williams,LAL,75,SF,81,United States,70,62,80,60,70,44,"2KRatings (2kratings.com), gathered 2026-10-01",https://www.2kratings.com/ziaire-williams
